waitlist_snapshot_id,site_id,program,week_start_date,waitlist_total,waitlist_over_target,median_wait_days,p90_wait_days,third_next_available_days,urgent_breach_risk,synthetic_demo
WAIT_SITE_STOLLERY_INSPIRED_respiratory_000,SITE_STOLLERY_INSPIRED,respiratory,2026-01-05,267,192,109,194,81,0.639,True
WAIT_SITE_STOLLERY_INSPIRED_respiratory_001,SITE_STOLLERY_INSPIRED,respiratory,2026-01-12,273,196,103,184,77,0.535,True
WAIT_SITE_STOLLERY_INSPIRED_respiratory_002,SITE_STOLLERY_INSPIRED,respiratory,2026-01-19,283,203,101,180,75,0.597,True
WAIT_SITE_STOLLERY_INSPIRED_respiratory_003,SITE_STOLLERY_INSPIRED,respiratory,2026-01-26,281,191,82,146,61,0.481,True
WAIT_SITE_STOLLERY_INSPIRED_respiratory_004,SITE_STOLLERY_INSPIRED,respiratory,2026-02-02,283,193,86,153,64,0.482,True
WAIT_SITE_STOLLERY_INSPIRED_respiratory_005,SITE_STOLLERY_INSPIRED,respiratory,2026-02-09,293,210,120,213,89,0.786,True
WAIT_SITE_STOLLERY_INSPIRED_respiratory_006,SITE_STOLLERY_INSPIRED,respiratory,2026-02-16,298,214,101,180,75,0.713,True
WAIT_SITE_STOLLERY_INSPIRED_respiratory_007,SITE_STOLLERY_INSPIRED,respiratory,2026-02-23,308,221,112,199,83,0.753,True
WAIT_SITE_STOLLERY_INSPIRED_respiratory_008,SITE_STOLLERY_INSPIRED,respiratory,2026-03-02,301,210,81,144,60,0.498,True
WAIT_SITE_STOLLERY_INSPIRED_respiratory_009,SITE_STOLLERY_INSPIRED,respiratory,2026-03-09,302,217,86,153,64,0.594,True
WAIT_SITE_STOLLERY_INSPIRED_respiratory_010,SITE_STOLLERY_INSPIRED,respiratory,2026-03-16,293,188,83,148,62,0.443,True
WAIT_SITE_STOLLERY_INSPIRED_respiratory_011,SITE_STOLLERY_INSPIRED,respiratory,2026-03-23,289,201,67,120,50,0.498,True
WAIT_SITE_STOLLERY_INSPIRED_respiratory_012,SITE_STOLLERY_INSPIRED,respiratory,2026-03-30,296,213,130,232,97,0.716,True
WAIT_SITE_STOLLERY_INSPIRED_respiratory_013,SITE_STOLLERY_INSPIRED,respiratory,2026-04-06,300,216,166,295,123,0.85,True
WAIT_SITE_STOLLERY_INSPIRED_respiratory_014,SITE_STOLLERY_INSPIRED,respiratory,2026-04-13,285,178,68,122,51,0.425,True
WAIT_SITE_STOLLERY_INSPIRED_respiratory_015,SITE_STOLLERY_INSPIRED,respiratory,2026-04-20,272,159,70,124,52,0.388,True
WAIT_SITE_STOLLERY_INSPIRED_respiratory_016,SITE_STOLLERY_INSPIRED,respiratory,2026-04-27,262,188,79,141,59,0.523,True
WAIT_SITE_STOLLERY_INSPIRED_cardiology_000,SITE_STOLLERY_INSPIRED,cardiology,2026-01-05,131,48,33,60,25,0.174,True
WAIT_SITE_STOLLERY_INSPIRED_cardiology_001,SITE_STOLLERY_INSPIRED,cardiology,2026-01-12,115,42,31,55,23,0.168,True
WAIT_SITE_STOLLERY_INSPIRED_cardiology_002,SITE_STOLLERY_INSPIRED,cardiology,2026-01-19,109,49,43,76,32,0.251,True
WAIT_SITE_STOLLERY_INSPIRED_cardiology_003,SITE_STOLLERY_INSPIRED,cardiology,2026-01-26,110,44,32,57,24,0.203,True
WAIT_SITE_STOLLERY_INSPIRED_cardiology_004,SITE_STOLLERY_INSPIRED,cardiology,2026-02-02,101,35,36,64,27,0.155,True
WAIT_SITE_STOLLERY_INSPIRED_cardiology_005,SITE_STOLLERY_INSPIRED,cardiology,2026-02-09,84,29,32,57,24,0.148,True
WAIT_SITE_STOLLERY_INSPIRED_cardiology_006,SITE_STOLLERY_INSPIRED,cardiology,2026-02-16,61,15,12,21,9,0.061,True
WAIT_SITE_STOLLERY_INSPIRED_cardiology_007,SITE_STOLLERY_INSPIRED,cardiology,2026-02-23,65,26,36,64,27,0.203,True
WAIT_SITE_STOLLERY_INSPIRED_cardiology_008,SITE_STOLLERY_INSPIRED,cardiology,2026-03-02,65,19,21,38,16,0.107,True
WAIT_SITE_STOLLERY_INSPIRED_cardiology_009,SITE_STOLLERY_INSPIRED,cardiology,2026-03-09,68,29,40,72,30,0.234,True
WAIT_SITE_STOLLERY_INSPIRED_cardiology_010,SITE_STOLLERY_INSPIRED,cardiology,2026-03-16,64,23,29,52,22,0.17,True
WAIT_SITE_STOLLERY_INSPIRED_cardiology_011,SITE_STOLLERY_INSPIRED,cardiology,2026-03-23,50,14,5,10,3,0.09,True
WAIT_SITE_STOLLERY_INSPIRED_cardiology_012,SITE_STOLLERY_INSPIRED,cardiology,2026-03-30,30,7,5,10,3,0.056,True
WAIT_SITE_STOLLERY_INSPIRED_cardiology_013,SITE_STOLLERY_INSPIRED,cardiology,2026-04-06,37,10,13,24,10,0.097,True
WAIT_SITE_STOLLERY_INSPIRED_cardiology_014,SITE_STOLLERY_INSPIRED,cardiology,2026-04-13,26,6,13,24,10,0.057,True
WAIT_SITE_STOLLERY_INSPIRED_cardiology_015,SITE_STOLLERY_INSPIRED,cardiology,2026-04-20,27,7,9,16,7,0.077,True
WAIT_SITE_STOLLERY_INSPIRED_cardiology_016,SITE_STOLLERY_INSPIRED,cardiology,2026-04-27,19,4,9,16,7,0.031,True
WAIT_SITE_STOLLERY_INSPIRED_neurology_000,SITE_STOLLERY_INSPIRED,neurology,2026-01-05,132,77,70,124,52,0.39,True
WAIT_SITE_STOLLERY_INSPIRED_neurology_001,SITE_STOLLERY_INSPIRED,neurology,2026-01-12,110,42,29,52,22,0.186,True
WAIT_SITE_STOLLERY_INSPIRED_neurology_002,SITE_STOLLERY_INSPIRED,neurology,2026-01-19,113,55,52,93,39,0.287,True
WAIT_SITE_STOLLERY_INSPIRED_neurology_003,SITE_STOLLERY_INSPIRED,neurology,2026-01-26,115,56,51,91,38,0.294,True
WAIT_SITE_STOLLERY_INSPIRED_neurology_004,SITE_STOLLERY_INSPIRED,neurology,2026-02-02,107,37,17,31,13,0.151,True
WAIT_SITE_STOLLERY_INSPIRED_neurology_005,SITE_STOLLERY_INSPIRED,neurology,2026-02-09,116,63,87,156,65,0.343,True
WAIT_SITE_STOLLERY_INSPIRED_neurology_006,SITE_STOLLERY_INSPIRED,neurology,2026-02-16,104,37,22,40,17,0.162,True
WAIT_SITE_STOLLERY_INSPIRED_neurology_007,SITE_STOLLERY_INSPIRED,neurology,2026-02-23,89,28,9,16,7,0.125,True
WAIT_SITE_STOLLERY_INSPIRED_neurology_008,SITE_STOLLERY_INSPIRED,neurology,2026-03-02,91,39,36,64,27,0.236,True
WAIT_SITE_STOLLERY_INSPIRED_neurology_009,SITE_STOLLERY_INSPIRED,neurology,2026-03-09,96,46,44,79,33,0.284,True
WAIT_SITE_STOLLERY_INSPIRED_neurology_010,SITE_STOLLERY_INSPIRED,neurology,2026-03-16,99,38,31,55,23,0.192,True
WAIT_SITE_STOLLERY_INSPIRED_neurology_011,SITE_STOLLERY_INSPIRED,neurology,2026-03-23,79,25,18,33,14,0.122,True
WAIT_SITE_STOLLERY_INSPIRED_neurology_012,SITE_STOLLERY_INSPIRED,neurology,2026-03-30,79,30,28,50,21,0.186,True
WAIT_SITE_STOLLERY_INSPIRED_neurology_013,SITE_STOLLERY_INSPIRED,neurology,2026-04-06,69,21,29,52,22,0.117,True
WAIT_SITE_STOLLERY_INSPIRED_neurology_014,SITE_STOLLERY_INSPIRED,neurology,2026-04-13,63,22,5,10,4,0.152,True
WAIT_SITE_STOLLERY_INSPIRED_neurology_015,SITE_STOLLERY_INSPIRED,neurology,2026-04-20,60,18,6,12,5,0.107,True
WAIT_SITE_STOLLERY_INSPIRED_neurology_016,SITE_STOLLERY_INSPIRED,neurology,2026-04-27,74,33,24,43,18,0.257,True
WAIT_SITE_STOLLERY_INSPIRED_surgery_followup_000,SITE_STOLLERY_INSPIRED,surgery_followup,2026-01-05,208,106,52,93,39,0.312,True
WAIT_SITE_STOLLERY_INSPIRED_surgery_followup_001,SITE_STOLLERY_INSPIRED,surgery_followup,2026-01-12,212,152,98,175,73,0.607,True
WAIT_SITE_STOLLERY_INSPIRED_surgery_followup_002,SITE_STOLLERY_INSPIRED,surgery_followup,2026-01-19,213,151,94,168,70,0.513,True
WAIT_SITE_STOLLERY_INSPIRED_surgery_followup_003,SITE_STOLLERY_INSPIRED,surgery_followup,2026-01-26,218,156,81,144,60,0.527,True
WAIT_SITE_STOLLERY_INSPIRED_surgery_followup_004,SITE_STOLLERY_INSPIRED,surgery_followup,2026-02-02,213,126,72,129,54,0.394,True
WAIT_SITE_STOLLERY_INSPIRED_surgery_followup_005,SITE_STOLLERY_INSPIRED,surgery_followup,2026-02-09,215,154,108,192,80,0.585,True
WAIT_SITE_STOLLERY_INSPIRED_surgery_followup_006,SITE_STOLLERY_INSPIRED,surgery_followup,2026-02-16,200,96,48,86,36,0.283,True
WAIT_SITE_STOLLERY_INSPIRED_surgery_followup_007,SITE_STOLLERY_INSPIRED,surgery_followup,2026-02-23,193,109,58,103,43,0.365,True
WAIT_SITE_STOLLERY_INSPIRED_surgery_followup_008,SITE_STOLLERY_INSPIRED,surgery_followup,2026-03-02,180,82,45,81,34,0.259,True
WAIT_SITE_STOLLERY_INSPIRED_surgery_followup_009,SITE_STOLLERY_INSPIRED,surgery_followup,2026-03-09,187,134,93,165,69,0.559,True
WAIT_SITE_STOLLERY_INSPIRED_surgery_followup_010,SITE_STOLLERY_INSPIRED,surgery_followup,2026-03-16,186,97,54,96,40,0.323,True
WAIT_SITE_STOLLERY_INSPIRED_surgery_followup_011,SITE_STOLLERY_INSPIRED,surgery_followup,2026-03-23,173,92,59,105,44,0.336,True
WAIT_SITE_STOLLERY_INSPIRED_surgery_followup_012,SITE_STOLLERY_INSPIRED,surgery_followup,2026-03-30,170,96,59,105,44,0.369,True
WAIT_SITE_STOLLERY_INSPIRED_surgery_followup_013,SITE_STOLLERY_INSPIRED,surgery_followup,2026-04-06,170,115,79,141,59,0.477,True
WAIT_SITE_STOLLERY_INSPIRED_surgery_followup_014,SITE_STOLLERY_INSPIRED,surgery_followup,2026-04-13,159,64,37,67,28,0.203,True
WAIT_SITE_STOLLERY_INSPIRED_surgery_followup_015,SITE_STOLLERY_INSPIRED,surgery_followup,2026-04-20,150,74,45,81,34,0.295,True
WAIT_SITE_STOLLERY_INSPIRED_surgery_followup_016,SITE_STOLLERY_INSPIRED,surgery_followup,2026-04-27,147,72,45,81,34,0.293,True
WAIT_SITE_STOLLERY_INSPIRED_oncology_survivorship_000,SITE_STOLLERY_INSPIRED,oncology_survivorship,2026-01-05,179,93,58,103,43,0.32,True
WAIT_SITE_STOLLERY_INSPIRED_oncology_survivorship_001,SITE_STOLLERY_INSPIRED,oncology_survivorship,2026-01-12,182,105,71,127,53,0.38,True
WAIT_SITE_STOLLERY_INSPIRED_oncology_survivorship_002,SITE_STOLLERY_INSPIRED,oncology_survivorship,2026-01-19,176,100,56,100,42,0.374,True
WAIT_SITE_STOLLERY_INSPIRED_oncology_survivorship_003,SITE_STOLLERY_INSPIRED,oncology_survivorship,2026-01-26,162,76,41,74,31,0.269,True
WAIT_SITE_STOLLERY_INSPIRED_oncology_survivorship_004,SITE_STOLLERY_INSPIRED,oncology_survivorship,2026-02-02,153,65,40,72,30,0.226,True
WAIT_SITE_STOLLERY_INSPIRED_oncology_survivorship_005,SITE_STOLLERY_INSPIRED,oncology_survivorship,2026-02-09,144,62,28,50,21,0.236,True
WAIT_SITE_STOLLERY_INSPIRED_oncology_survivorship_006,SITE_STOLLERY_INSPIRED,oncology_survivorship,2026-02-16,137,59,40,72,30,0.237,True
WAIT_SITE_STOLLERY_INSPIRED_oncology_survivorship_007,SITE_STOLLERY_INSPIRED,oncology_survivorship,2026-02-23,141,85,75,134,56,0.406,True
WAIT_SITE_STOLLERY_INSPIRED_oncology_survivorship_008,SITE_STOLLERY_INSPIRED,oncology_survivorship,2026-03-02,126,47,36,64,27,0.179,True
WAIT_SITE_STOLLERY_INSPIRED_oncology_survivorship_009,SITE_STOLLERY_INSPIRED,oncology_survivorship,2026-03-09,126,65,52,93,39,0.323,True
WAIT_SITE_STOLLERY_INSPIRED_oncology_survivorship_010,SITE_STOLLERY_INSPIRED,oncology_survivorship,2026-03-16,124,54,45,81,34,0.24,True
WAIT_SITE_STOLLERY_INSPIRED_oncology_survivorship_011,SITE_STOLLERY_INSPIRED,oncology_survivorship,2026-03-23,120,52,33,60,25,0.234,True
WAIT_SITE_STOLLERY_INSPIRED_oncology_survivorship_012,SITE_STOLLERY_INSPIRED,oncology_survivorship,2026-03-30,102,33,33,60,25,0.131,True
WAIT_SITE_STOLLERY_INSPIRED_oncology_survivorship_013,SITE_STOLLERY_INSPIRED,oncology_survivorship,2026-04-06,94,33,24,43,18,0.152,True
WAIT_SITE_STOLLERY_INSPIRED_oncology_survivorship_014,SITE_STOLLERY_INSPIRED,oncology_survivorship,2026-04-13,75,23,21,38,16,0.114,True
WAIT_SITE_STOLLERY_INSPIRED_oncology_survivorship_015,SITE_STOLLERY_INSPIRED,oncology_survivorship,2026-04-20,73,26,18,33,14,0.162,True
WAIT_SITE_STOLLERY_INSPIRED_oncology_survivorship_016,SITE_STOLLERY_INSPIRED,oncology_survivorship,2026-04-27,70,23,22,40,17,0.138,True
WAIT_SITE_STOLLERY_INSPIRED_complex_care_000,SITE_STOLLERY_INSPIRED,complex_care,2026-01-05,225,162,106,189,79,0.636,True
WAIT_SITE_STOLLERY_INSPIRED_complex_care_001,SITE_STOLLERY_INSPIRED,complex_care,2026-01-12,223,133,62,110,46,0.398,True
WAIT_SITE_STOLLERY_INSPIRED_complex_care_002,SITE_STOLLERY_INSPIRED,complex_care,2026-01-19,215,120,49,88,37,0.36,True
WAIT_SITE_STOLLERY_INSPIRED_complex_care_003,SITE_STOLLERY_INSPIRED,complex_care,2026-01-26,210,119,67,120,50,0.367,True
WAIT_SITE_STOLLERY_INSPIRED_complex_care_004,SITE_STOLLERY_INSPIRED,complex_care,2026-02-02,192,96,52,93,39,0.305,True
WAIT_SITE_STOLLERY_INSPIRED_complex_care_005,SITE_STOLLERY_INSPIRED,complex_care,2026-02-09,185,115,58,103,43,0.422,True
WAIT_SITE_STOLLERY_INSPIRED_complex_care_006,SITE_STOLLERY_INSPIRED,complex_care,2026-02-16,182,100,70,124,52,0.353,True
WAIT_SITE_STOLLERY_INSPIRED_complex_care_007,SITE_STOLLERY_INSPIRED,complex_care,2026-02-23,172,82,52,93,39,0.278,True
WAIT_SITE_STOLLERY_INSPIRED_complex_care_008,SITE_STOLLERY_INSPIRED,complex_care,2026-03-02,167,79,31,55,23,0.276,True
WAIT_SITE_STOLLERY_INSPIRED_complex_care_009,SITE_STOLLERY_INSPIRED,complex_care,2026-03-09,163,91,68,122,51,0.363,True
WAIT_SITE_STOLLERY_INSPIRED_complex_care_010,SITE_STOLLERY_INSPIRED,complex_care,2026-03-16,160,71,43,76,32,0.246,True
WAIT_SITE_STOLLERY_INSPIRED_complex_care_011,SITE_STOLLERY_INSPIRED,complex_care,2026-03-23,140,50,35,62,26,0.163,True
WAIT_SITE_STOLLERY_INSPIRED_complex_care_012,SITE_STOLLERY_INSPIRED,complex_care,2026-03-30,139,65,33,60,25,0.269,True
WAIT_SITE_STOLLERY_INSPIRED_complex_care_013,SITE_STOLLERY_INSPIRED,complex_care,2026-04-06,146,87,67,120,50,0.4,True
WAIT_SITE_STOLLERY_INSPIRED_complex_care_014,SITE_STOLLERY_INSPIRED,complex_care,2026-04-13,149,81,60,108,45,0.349,True
WAIT_SITE_STOLLERY_INSPIRED_complex_care_015,SITE_STOLLERY_INSPIRED,complex_care,2026-04-20,131,52,27,48,20,0.201,True
WAIT_SITE_STOLLERY_INSPIRED_complex_care_016,SITE_STOLLERY_INSPIRED,complex_care,2026-04-27,118,51,29,52,22,0.233,True
WAIT_SITE_STOLLERY_INSPIRED_mental_health_000,SITE_STOLLERY_INSPIRED,mental_health,2026-01-05,261,183,82,146,61,0.504,True
WAIT_SITE_STOLLERY_INSPIRED_mental_health_001,SITE_STOLLERY_INSPIRED,mental_health,2026-01-12,267,192,93,165,69,0.537,True
WAIT_SITE_STOLLERY_INSPIRED_mental_health_002,SITE_STOLLERY_INSPIRED,mental_health,2026-01-19,266,191,126,225,94,0.707,True
WAIT_SITE_STOLLERY_INSPIRED_mental_health_003,SITE_STOLLERY_INSPIRED,mental_health,2026-01-26,261,174,87,156,65,0.47,True
WAIT_SITE_STOLLERY_INSPIRED_mental_health_004,SITE_STOLLERY_INSPIRED,mental_health,2026-02-02,267,192,128,228,95,0.694,True
WAIT_SITE_STOLLERY_INSPIRED_mental_health_005,SITE_STOLLERY_INSPIRED,mental_health,2026-02-09,253,145,66,117,49,0.374,True
WAIT_SITE_STOLLERY_INSPIRED_mental_health_006,SITE_STOLLERY_INSPIRED,mental_health,2026-02-16,242,174,91,163,68,0.552,True
WAIT_SITE_STOLLERY_INSPIRED_mental_health_007,SITE_STOLLERY_INSPIRED,mental_health,2026-02-23,249,179,113,201,84,0.712,True
WAIT_SITE_STOLLERY_INSPIRED_mental_health_008,SITE_STOLLERY_INSPIRED,mental_health,2026-03-02,243,151,60,108,45,0.423,True
WAIT_SITE_STOLLERY_INSPIRED_mental_health_009,SITE_STOLLERY_INSPIRED,mental_health,2026-03-09,246,177,118,211,88,0.667,True
WAIT_SITE_STOLLERY_INSPIRED_mental_health_010,SITE_STOLLERY_INSPIRED,mental_health,2026-03-16,233,144,63,112,47,0.422,True
WAIT_SITE_STOLLERY_INSPIRED_mental_health_011,SITE_STOLLERY_INSPIRED,mental_health,2026-03-23,224,118,54,96,40,0.329,True
WAIT_SITE_STOLLERY_INSPIRED_mental_health_012,SITE_STOLLERY_INSPIRED,mental_health,2026-03-30,225,145,75,134,56,0.447,True
WAIT_SITE_STOLLERY_INSPIRED_mental_health_013,SITE_STOLLERY_INSPIRED,mental_health,2026-04-06,214,148,83,148,62,0.492,True
WAIT_SITE_STOLLERY_INSPIRED_mental_health_014,SITE_STOLLERY_INSPIRED,mental_health,2026-04-13,212,152,102,182,76,0.561,True
WAIT_SITE_STOLLERY_INSPIRED_mental_health_015,SITE_STOLLERY_INSPIRED,mental_health,2026-04-20,200,111,45,81,34,0.357,True
WAIT_SITE_STOLLERY_INSPIRED_mental_health_016,SITE_STOLLERY_INSPIRED,mental_health,2026-04-27,190,87,44,79,33,0.261,True
WAIT_SITE_STOLLERY_INSPIRED_diagnostic_procedures_000,SITE_STOLLERY_INSPIRED,diagnostic_procedures,2026-01-05,92,35,36,64,27,0.191,True
WAIT_SITE_STOLLERY_INSPIRED_diagnostic_procedures_001,SITE_STOLLERY_INSPIRED,diagnostic_procedures,2026-01-12,83,28,14,26,11,0.149,True
WAIT_SITE_STOLLERY_INSPIRED_diagnostic_procedures_002,SITE_STOLLERY_INSPIRED,diagnostic_procedures,2026-01-19,89,38,37,67,28,0.232,True
WAIT_SITE_STOLLERY_INSPIRED_diagnostic_procedures_003,SITE_STOLLERY_INSPIRED,diagnostic_procedures,2026-01-26,88,34,28,50,21,0.19,True
WAIT_SITE_STOLLERY_INSPIRED_diagnostic_procedures_004,SITE_STOLLERY_INSPIRED,diagnostic_procedures,2026-02-02,88,36,29,52,22,0.213,True
WAIT_SITE_STOLLERY_INSPIRED_diagnostic_procedures_005,SITE_STOLLERY_INSPIRED,diagnostic_procedures,2026-02-09,84,32,32,57,24,0.188,True
WAIT_SITE_STOLLERY_INSPIRED_diagnostic_procedures_006,SITE_STOLLERY_INSPIRED,diagnostic_procedures,2026-02-16,84,34,40,72,30,0.216,True
WAIT_SITE_STOLLERY_INSPIRED_diagnostic_procedures_007,SITE_STOLLERY_INSPIRED,diagnostic_procedures,2026-02-23,79,25,16,28,12,0.118,True
WAIT_SITE_STOLLERY_INSPIRED_diagnostic_procedures_008,SITE_STOLLERY_INSPIRED,diagnostic_procedures,2026-03-02,75,27,20,36,15,0.164,True
WAIT_SITE_STOLLERY_INSPIRED_diagnostic_procedures_009,SITE_STOLLERY_INSPIRED,diagnostic_procedures,2026-03-09,69,22,10,19,8,0.131,True
WAIT_SITE_STOLLERY_INSPIRED_diagnostic_procedures_010,SITE_STOLLERY_INSPIRED,diagnostic_procedures,2026-03-16,60,18,5,10,3,0.115,True
WAIT_SITE_STOLLERY_INSPIRED_diagnostic_procedures_011,SITE_STOLLERY_INSPIRED,diagnostic_procedures,2026-03-23,66,27,29,52,22,0.217,True
WAIT_SITE_STOLLERY_INSPIRED_diagnostic_procedures_012,SITE_STOLLERY_INSPIRED,diagnostic_procedures,2026-03-30,72,30,44,79,33,0.228,True
WAIT_SITE_STOLLERY_INSPIRED_diagnostic_procedures_013,SITE_STOLLERY_INSPIRED,diagnostic_procedures,2026-04-06,61,19,22,40,17,0.12,True
WAIT_SITE_STOLLERY_INSPIRED_diagnostic_procedures_014,SITE_STOLLERY_INSPIRED,diagnostic_procedures,2026-04-13,71,31,37,67,28,0.24,True
WAIT_SITE_STOLLERY_INSPIRED_diagnostic_procedures_015,SITE_STOLLERY_INSPIRED,diagnostic_procedures,2026-04-20,57,15,9,16,7,0.078,True
WAIT_SITE_STOLLERY_INSPIRED_diagnostic_procedures_016,SITE_STOLLERY_INSPIRED,diagnostic_procedures,2026-04-27,58,24,25,45,19,0.221,True
WAIT_SITE_ACH_INSPIRED_respiratory_000,SITE_ACH_INSPIRED,respiratory,2026-01-05,152,86,55,98,41,0.369,True
WAIT_SITE_ACH_INSPIRED_respiratory_001,SITE_ACH_INSPIRED,respiratory,2026-01-12,154,69,54,96,40,0.255,True
WAIT_SITE_ACH_INSPIRED_respiratory_002,SITE_ACH_INSPIRED,respiratory,2026-01-19,153,64,33,60,25,0.225,True
WAIT_SITE_ACH_INSPIRED_respiratory_003,SITE_ACH_INSPIRED,respiratory,2026-01-26,151,78,55,98,41,0.317,True
WAIT_SITE_ACH_INSPIRED_respiratory_004,SITE_ACH_INSPIRED,respiratory,2026-02-02,144,56,32,57,24,0.191,True
WAIT_SITE_ACH_INSPIRED_respiratory_005,SITE_ACH_INSPIRED,respiratory,2026-02-09,148,62,40,72,30,0.223,True
WAIT_SITE_ACH_INSPIRED_respiratory_006,SITE_ACH_INSPIRED,respiratory,2026-02-16,153,77,59,105,44,0.303,True
WAIT_SITE_ACH_INSPIRED_respiratory_007,SITE_ACH_INSPIRED,respiratory,2026-02-23,156,73,43,76,32,0.271,True
WAIT_SITE_ACH_INSPIRED_respiratory_008,SITE_ACH_INSPIRED,respiratory,2026-03-02,158,72,44,79,33,0.256,True
WAIT_SITE_ACH_INSPIRED_respiratory_009,SITE_ACH_INSPIRED,respiratory,2026-03-09,161,76,35,62,26,0.275,True
WAIT_SITE_ACH_INSPIRED_respiratory_010,SITE_ACH_INSPIRED,respiratory,2026-03-16,165,101,76,136,57,0.416,True
WAIT_SITE_ACH_INSPIRED_respiratory_011,SITE_ACH_INSPIRED,respiratory,2026-03-23,171,110,66,117,49,0.444,True
WAIT_SITE_ACH_INSPIRED_respiratory_012,SITE_ACH_INSPIRED,respiratory,2026-03-30,165,74,31,55,23,0.254,True
WAIT_SITE_ACH_INSPIRED_respiratory_013,SITE_ACH_INSPIRED,respiratory,2026-04-06,154,68,35,62,26,0.245,True
WAIT_SITE_ACH_INSPIRED_respiratory_014,SITE_ACH_INSPIRED,respiratory,2026-04-13,149,66,40,72,30,0.247,True
WAIT_SITE_ACH_INSPIRED_respiratory_015,SITE_ACH_INSPIRED,respiratory,2026-04-20,142,84,62,110,46,0.393,True
WAIT_SITE_ACH_INSPIRED_respiratory_016,SITE_ACH_INSPIRED,respiratory,2026-04-27,137,63,40,72,30,0.261,True
WAIT_SITE_ACH_INSPIRED_cardiology_000,SITE_ACH_INSPIRED,cardiology,2026-01-05,241,173,125,223,93,0.689,True
WAIT_SITE_ACH_INSPIRED_cardiology_001,SITE_ACH_INSPIRED,cardiology,2026-01-12,235,143,74,132,55,0.41,True
WAIT_SITE_ACH_INSPIRED_cardiology_002,SITE_ACH_INSPIRED,cardiology,2026-01-19,237,170,81,144,60,0.521,True
WAIT_SITE_ACH_INSPIRED_cardiology_003,SITE_ACH_INSPIRED,cardiology,2026-01-26,235,169,101,180,75,0.626,True
WAIT_SITE_ACH_INSPIRED_cardiology_004,SITE_ACH_INSPIRED,cardiology,2026-02-02,237,170,103,184,77,0.643,True
WAIT_SITE_ACH_INSPIRED_cardiology_005,SITE_ACH_INSPIRED,cardiology,2026-02-09,224,111,63,112,47,0.296,True
WAIT_SITE_ACH_INSPIRED_cardiology_006,SITE_ACH_INSPIRED,cardiology,2026-02-16,221,151,76,136,57,0.484,True
WAIT_SITE_ACH_INSPIRED_cardiology_007,SITE_ACH_INSPIRED,cardiology,2026-02-23,213,128,62,110,46,0.404,True
WAIT_SITE_ACH_INSPIRED_cardiology_008,SITE_ACH_INSPIRED,cardiology,2026-03-02,203,114,72,129,54,0.363,True
WAIT_SITE_ACH_INSPIRED_cardiology_009,SITE_ACH_INSPIRED,cardiology,2026-03-09,185,100,64,115,48,0.342,True
WAIT_SITE_ACH_INSPIRED_cardiology_010,SITE_ACH_INSPIRED,cardiology,2026-03-16,190,136,99,177,74,0.534,True
WAIT_SITE_ACH_INSPIRED_cardiology_011,SITE_ACH_INSPIRED,cardiology,2026-03-23,187,103,58,103,43,0.356,True
WAIT_SITE_ACH_INSPIRED_cardiology_012,SITE_ACH_INSPIRED,cardiology,2026-03-30,198,142,105,187,78,0.598,True
WAIT_SITE_ACH_INSPIRED_cardiology_013,SITE_ACH_INSPIRED,cardiology,2026-04-06,200,106,58,103,43,0.331,True
WAIT_SITE_ACH_INSPIRED_cardiology_014,SITE_ACH_INSPIRED,cardiology,2026-04-13,189,98,43,76,32,0.32,True
WAIT_SITE_ACH_INSPIRED_cardiology_015,SITE_ACH_INSPIRED,cardiology,2026-04-20,184,132,94,168,70,0.568,True
WAIT_SITE_ACH_INSPIRED_cardiology_016,SITE_ACH_INSPIRED,cardiology,2026-04-27,163,69,43,76,32,0.228,True
WAIT_SITE_ACH_INSPIRED_neurology_000,SITE_ACH_INSPIRED,neurology,2026-01-05,159,68,31,55,23,0.233,True
WAIT_SITE_ACH_INSPIRED_neurology_001,SITE_ACH_INSPIRED,neurology,2026-01-12,162,105,85,151,63,0.453,True
WAIT_SITE_ACH_INSPIRED_neurology_002,SITE_ACH_INSPIRED,neurology,2026-01-19,160,71,40,72,30,0.246,True
WAIT_SITE_ACH_INSPIRED_neurology_003,SITE_ACH_INSPIRED,neurology,2026-01-26,138,54,31,55,23,0.198,True
WAIT_SITE_ACH_INSPIRED_neurology_004,SITE_ACH_INSPIRED,neurology,2026-02-02,128,50,35,62,26,0.193,True
WAIT_SITE_ACH_INSPIRED_neurology_005,SITE_ACH_INSPIRED,neurology,2026-02-09,108,37,17,31,13,0.146,True
WAIT_SITE_ACH_INSPIRED_neurology_006,SITE_ACH_INSPIRED,neurology,2026-02-16,89,27,10,19,8,0.113,True
WAIT_SITE_ACH_INSPIRED_neurology_007,SITE_ACH_INSPIRED,neurology,2026-02-23,80,29,35,62,26,0.172,True
WAIT_SITE_ACH_INSPIRED_neurology_008,SITE_ACH_INSPIRED,neurology,2026-03-02,80,27,43,76,32,0.149,True
WAIT_SITE_ACH_INSPIRED_neurology_009,SITE_ACH_INSPIRED,neurology,2026-03-09,63,20,24,43,18,0.119,True
WAIT_SITE_ACH_INSPIRED_neurology_010,SITE_ACH_INSPIRED,neurology,2026-03-16,58,20,28,50,21,0.158,True
WAIT_SITE_ACH_INSPIRED_neurology_011,SITE_ACH_INSPIRED,neurology,2026-03-23,46,11,20,36,15,0.052,True
WAIT_SITE_ACH_INSPIRED_neurology_012,SITE_ACH_INSPIRED,neurology,2026-03-30,46,13,8,14,6,0.088,True
WAIT_SITE_ACH_INSPIRED_neurology_013,SITE_ACH_INSPIRED,neurology,2026-04-06,42,11,14,26,11,0.076,True
WAIT_SITE_ACH_INSPIRED_neurology_014,SITE_ACH_INSPIRED,neurology,2026-04-13,32,8,5,10,3,0.06,True
WAIT_SITE_ACH_INSPIRED_neurology_015,SITE_ACH_INSPIRED,neurology,2026-04-20,26,5,8,14,6,0.027,True
WAIT_SITE_ACH_INSPIRED_neurology_016,SITE_ACH_INSPIRED,neurology,2026-04-27,20,4,10,19,8,0.031,True
WAIT_SITE_ACH_INSPIRED_surgery_followup_000,SITE_ACH_INSPIRED,surgery_followup,2026-01-05,210,104,48,86,36,0.298,True
WAIT_SITE_ACH_INSPIRED_surgery_followup_001,SITE_ACH_INSPIRED,surgery_followup,2026-01-12,199,103,52,93,39,0.32,True
WAIT_SITE_ACH_INSPIRED_surgery_followup_002,SITE_ACH_INSPIRED,surgery_followup,2026-01-19,188,106,64,115,48,0.366,True
WAIT_SITE_ACH_INSPIRED_surgery_followup_003,SITE_ACH_INSPIRED,surgery_followup,2026-01-26,179,108,68,122,51,0.403,True
WAIT_SITE_ACH_INSPIRED_surgery_followup_004,SITE_ACH_INSPIRED,surgery_followup,2026-02-02,172,94,62,110,46,0.35,True
WAIT_SITE_ACH_INSPIRED_surgery_followup_005,SITE_ACH_INSPIRED,surgery_followup,2026-02-09,183,125,78,139,58,0.487,True
WAIT_SITE_ACH_INSPIRED_surgery_followup_006,SITE_ACH_INSPIRED,surgery_followup,2026-02-16,163,71,27,48,20,0.24,True
WAIT_SITE_ACH_INSPIRED_surgery_followup_007,SITE_ACH_INSPIRED,surgery_followup,2026-02-23,157,73,39,69,29,0.269,True
WAIT_SITE_ACH_INSPIRED_surgery_followup_008,SITE_ACH_INSPIRED,surgery_followup,2026-03-02,141,54,27,48,20,0.184,True
WAIT_SITE_ACH_INSPIRED_surgery_followup_009,SITE_ACH_INSPIRED,surgery_followup,2026-03-09,141,83,63,112,47,0.394,True
WAIT_SITE_ACH_INSPIRED_surgery_followup_010,SITE_ACH_INSPIRED,surgery_followup,2026-03-16,136,71,56,100,42,0.326,True
WAIT_SITE_ACH_INSPIRED_surgery_followup_011,SITE_ACH_INSPIRED,surgery_followup,2026-03-23,124,46,29,52,22,0.173,True
WAIT_SITE_ACH_INSPIRED_surgery_followup_012,SITE_ACH_INSPIRED,surgery_followup,2026-03-30,122,45,25,45,19,0.175,True
WAIT_SITE_ACH_INSPIRED_surgery_followup_013,SITE_ACH_INSPIRED,surgery_followup,2026-04-06,126,72,59,105,44,0.374,True
WAIT_SITE_ACH_INSPIRED_surgery_followup_014,SITE_ACH_INSPIRED,surgery_followup,2026-04-13,128,72,67,120,50,0.365,True
WAIT_SITE_ACH_INSPIRED_surgery_followup_015,SITE_ACH_INSPIRED,surgery_followup,2026-04-20,141,87,71,127,53,0.424,True
WAIT_SITE_ACH_INSPIRED_surgery_followup_016,SITE_ACH_INSPIRED,surgery_followup,2026-04-27,136,65,52,93,39,0.279,True
WAIT_SITE_ACH_INSPIRED_oncology_survivorship_000,SITE_ACH_INSPIRED,oncology_survivorship,2026-01-05,175,103,52,93,39,0.392,True
WAIT_SITE_ACH_INSPIRED_oncology_survivorship_001,SITE_ACH_INSPIRED,oncology_survivorship,2026-01-12,152,61,40,72,30,0.204,True
WAIT_SITE_ACH_INSPIRED_oncology_survivorship_002,SITE_ACH_INSPIRED,oncology_survivorship,2026-01-19,150,72,40,72,30,0.286,True
WAIT_SITE_ACH_INSPIRED_oncology_survivorship_003,SITE_ACH_INSPIRED,oncology_survivorship,2026-01-26,142,61,39,69,29,0.233,True
WAIT_SITE_ACH_INSPIRED_oncology_survivorship_004,SITE_ACH_INSPIRED,oncology_survivorship,2026-02-02,142,73,56,100,42,0.314,True
WAIT_SITE_ACH_INSPIRED_oncology_survivorship_005,SITE_ACH_INSPIRED,oncology_survivorship,2026-02-09,150,99,89,158,66,0.464,True
WAIT_SITE_ACH_INSPIRED_oncology_survivorship_006,SITE_ACH_INSPIRED,oncology_survivorship,2026-02-16,148,63,40,72,30,0.227,True
WAIT_SITE_ACH_INSPIRED_oncology_survivorship_007,SITE_ACH_INSPIRED,oncology_survivorship,2026-02-23,145,75,47,84,35,0.323,True
WAIT_SITE_ACH_INSPIRED_oncology_survivorship_008,SITE_ACH_INSPIRED,oncology_survivorship,2026-03-02,140,64,41,74,31,0.258,True
WAIT_SITE_ACH_INSPIRED_oncology_survivorship_009,SITE_ACH_INSPIRED,oncology_survivorship,2026-03-09,130,53,24,43,18,0.212,True
WAIT_SITE_ACH_INSPIRED_oncology_survivorship_010,SITE_ACH_INSPIRED,oncology_survivorship,2026-03-16,141,82,56,100,42,0.387,True
WAIT_SITE_ACH_INSPIRED_oncology_survivorship_011,SITE_ACH_INSPIRED,oncology_survivorship,2026-03-23,125,51,29,52,22,0.216,True
WAIT_SITE_ACH_INSPIRED_oncology_survivorship_012,SITE_ACH_INSPIRED,oncology_survivorship,2026-03-30,123,59,44,79,33,0.286,True
WAIT_SITE_ACH_INSPIRED_oncology_survivorship_013,SITE_ACH_INSPIRED,oncology_survivorship,2026-04-06,105,35,27,48,20,0.134,True
WAIT_SITE_ACH_INSPIRED_oncology_survivorship_014,SITE_ACH_INSPIRED,oncology_survivorship,2026-04-13,99,34,24,43,18,0.151,True
WAIT_SITE_ACH_INSPIRED_oncology_survivorship_015,SITE_ACH_INSPIRED,oncology_survivorship,2026-04-20,100,41,39,69,29,0.211,True
WAIT_SITE_ACH_INSPIRED_oncology_survivorship_016,SITE_ACH_INSPIRED,oncology_survivorship,2026-04-27,89,36,33,60,25,0.207,True
WAIT_SITE_ACH_INSPIRED_complex_care_000,SITE_ACH_INSPIRED,complex_care,2026-01-05,93,41,43,76,32,0.247,True
WAIT_SITE_ACH_INSPIRED_complex_care_001,SITE_ACH_INSPIRED,complex_care,2026-01-12,89,36,41,74,31,0.214,True
WAIT_SITE_ACH_INSPIRED_complex_care_002,SITE_ACH_INSPIRED,complex_care,2026-01-19,82,28,20,36,15,0.146,True
WAIT_SITE_ACH_INSPIRED_complex_care_003,SITE_ACH_INSPIRED,complex_care,2026-01-26,76,23,10,19,8,0.11,True
WAIT_SITE_ACH_INSPIRED_complex_care_004,SITE_ACH_INSPIRED,complex_care,2026-02-02,72,27,31,55,23,0.185,True
WAIT_SITE_ACH_INSPIRED_complex_care_005,SITE_ACH_INSPIRED,complex_care,2026-02-09,68,24,22,40,17,0.163,True
WAIT_SITE_ACH_INSPIRED_complex_care_006,SITE_ACH_INSPIRED,complex_care,2026-02-16,72,27,31,55,23,0.183,True
WAIT_SITE_ACH_INSPIRED_complex_care_007,SITE_ACH_INSPIRED,complex_care,2026-02-23,58,16,10,19,8,0.091,True
WAIT_SITE_ACH_INSPIRED_complex_care_008,SITE_ACH_INSPIRED,complex_care,2026-03-02,42,11,13,24,10,0.074,True
WAIT_SITE_ACH_INSPIRED_complex_care_009,SITE_ACH_INSPIRED,complex_care,2026-03-09,43,13,12,21,9,0.116,True
WAIT_SITE_ACH_INSPIRED_complex_care_010,SITE_ACH_INSPIRED,complex_care,2026-03-16,44,14,20,36,15,0.13,True
WAIT_SITE_ACH_INSPIRED_complex_care_011,SITE_ACH_INSPIRED,complex_care,2026-03-23,48,16,22,40,17,0.139,True
WAIT_SITE_ACH_INSPIRED_complex_care_012,SITE_ACH_INSPIRED,complex_care,2026-03-30,44,15,33,60,25,0.15,True
WAIT_SITE_ACH_INSPIRED_complex_care_013,SITE_ACH_INSPIRED,complex_care,2026-04-06,35,8,9,16,7,0.055,True
WAIT_SITE_ACH_INSPIRED_complex_care_014,SITE_ACH_INSPIRED,complex_care,2026-04-13,33,9,24,43,18,0.079,True
WAIT_SITE_ACH_INSPIRED_complex_care_015,SITE_ACH_INSPIRED,complex_care,2026-04-20,16,3,9,16,7,0.033,True
WAIT_SITE_ACH_INSPIRED_complex_care_016,SITE_ACH_INSPIRED,complex_care,2026-04-27,19,4,17,31,13,0.05,True
WAIT_SITE_ACH_INSPIRED_mental_health_000,SITE_ACH_INSPIRED,mental_health,2026-01-05,267,192,93,165,69,0.548,True
WAIT_SITE_ACH_INSPIRED_mental_health_001,SITE_ACH_INSPIRED,mental_health,2026-01-12,260,187,89,158,66,0.524,True
WAIT_SITE_ACH_INSPIRED_mental_health_002,SITE_ACH_INSPIRED,mental_health,2026-01-19,255,183,97,172,72,0.582,True
WAIT_SITE_ACH_INSPIRED_mental_health_003,SITE_ACH_INSPIRED,mental_health,2026-01-26,242,141,70,124,52,0.386,True
WAIT_SITE_ACH_INSPIRED_mental_health_004,SITE_ACH_INSPIRED,mental_health,2026-02-02,241,173,90,160,67,0.561,True
WAIT_SITE_ACH_INSPIRED_mental_health_005,SITE_ACH_INSPIRED,mental_health,2026-02-09,245,176,109,194,81,0.715,True
WAIT_SITE_ACH_INSPIRED_mental_health_006,SITE_ACH_INSPIRED,mental_health,2026-02-16,240,156,71,127,53,0.453,True
WAIT_SITE_ACH_INSPIRED_mental_health_007,SITE_ACH_INSPIRED,mental_health,2026-02-23,238,171,101,180,75,0.593,True
WAIT_SITE_ACH_INSPIRED_mental_health_008,SITE_ACH_INSPIRED,mental_health,2026-03-02,246,177,102,182,76,0.617,True
WAIT_SITE_ACH_INSPIRED_mental_health_009,SITE_ACH_INSPIRED,mental_health,2026-03-09,239,147,62,110,46,0.416,True
WAIT_SITE_ACH_INSPIRED_mental_health_010,SITE_ACH_INSPIRED,mental_health,2026-03-16,236,146,76,136,57,0.422,True
WAIT_SITE_ACH_INSPIRED_mental_health_011,SITE_ACH_INSPIRED,mental_health,2026-03-23,226,137,68,122,51,0.407,True
WAIT_SITE_ACH_INSPIRED_mental_health_012,SITE_ACH_INSPIRED,mental_health,2026-03-30,214,129,67,120,50,0.407,True
WAIT_SITE_ACH_INSPIRED_mental_health_013,SITE_ACH_INSPIRED,mental_health,2026-04-06,212,119,56,100,42,0.366,True
WAIT_SITE_ACH_INSPIRED_mental_health_014,SITE_ACH_INSPIRED,mental_health,2026-04-13,209,124,62,110,46,0.396,True
WAIT_SITE_ACH_INSPIRED_mental_health_015,SITE_ACH_INSPIRED,mental_health,2026-04-20,201,106,35,62,26,0.327,True
WAIT_SITE_ACH_INSPIRED_mental_health_016,SITE_ACH_INSPIRED,mental_health,2026-04-27,203,137,74,132,55,0.476,True
WAIT_SITE_ACH_INSPIRED_diagnostic_procedures_000,SITE_ACH_INSPIRED,diagnostic_procedures,2026-01-05,216,110,66,117,49,0.309,True
WAIT_SITE_ACH_INSPIRED_diagnostic_procedures_001,SITE_ACH_INSPIRED,diagnostic_procedures,2026-01-12,213,153,78,139,58,0.556,True
WAIT_SITE_ACH_INSPIRED_diagnostic_procedures_002,SITE_ACH_INSPIRED,diagnostic_procedures,2026-01-19,221,145,67,120,50,0.457,True
WAIT_SITE_ACH_INSPIRED_diagnostic_procedures_003,SITE_ACH_INSPIRED,diagnostic_procedures,2026-01-26,214,147,75,134,56,0.487,True
WAIT_SITE_ACH_INSPIRED_diagnostic_procedures_004,SITE_ACH_INSPIRED,diagnostic_procedures,2026-02-02,221,134,71,127,53,0.408,True
WAIT_SITE_ACH_INSPIRED_diagnostic_procedures_005,SITE_ACH_INSPIRED,diagnostic_procedures,2026-02-09,223,128,63,112,47,0.377,True
WAIT_SITE_ACH_INSPIRED_diagnostic_procedures_006,SITE_ACH_INSPIRED,diagnostic_procedures,2026-02-16,206,108,55,98,41,0.324,True
WAIT_SITE_ACH_INSPIRED_diagnostic_procedures_007,SITE_ACH_INSPIRED,diagnostic_procedures,2026-02-23,192,91,49,88,37,0.277,True
WAIT_SITE_ACH_INSPIRED_diagnostic_procedures_008,SITE_ACH_INSPIRED,diagnostic_procedures,2026-03-02,180,77,47,84,35,0.232,True
WAIT_SITE_ACH_INSPIRED_diagnostic_procedures_009,SITE_ACH_INSPIRED,diagnostic_procedures,2026-03-09,188,135,86,153,64,0.53,True
WAIT_SITE_ACH_INSPIRED_diagnostic_procedures_010,SITE_ACH_INSPIRED,diagnostic_procedures,2026-03-16,180,98,58,103,43,0.348,True
WAIT_SITE_ACH_INSPIRED_diagnostic_procedures_011,SITE_ACH_INSPIRED,diagnostic_procedures,2026-03-23,174,101,67,120,50,0.383,True
WAIT_SITE_ACH_INSPIRED_diagnostic_procedures_012,SITE_ACH_INSPIRED,diagnostic_procedures,2026-03-30,169,101,63,112,47,0.399,True
WAIT_SITE_ACH_INSPIRED_diagnostic_procedures_013,SITE_ACH_INSPIRED,diagnostic_procedures,2026-04-06,168,94,63,112,47,0.362,True
WAIT_SITE_ACH_INSPIRED_diagnostic_procedures_014,SITE_ACH_INSPIRED,diagnostic_procedures,2026-04-13,160,89,51,91,38,0.358,True
WAIT_SITE_ACH_INSPIRED_diagnostic_procedures_015,SITE_ACH_INSPIRED,diagnostic_procedures,2026-04-20,147,67,48,86,36,0.259,True
WAIT_SITE_ACH_INSPIRED_diagnostic_procedures_016,SITE_ACH_INSPIRED,diagnostic_procedures,2026-04-27,145,70,49,88,37,0.289,True
WAIT_SITE_PROV_NETWORK_respiratory_000,SITE_PROV_NETWORK,respiratory,2026-01-05,145,62,47,84,35,0.233,True
WAIT_SITE_PROV_NETWORK_respiratory_001,SITE_PROV_NETWORK,respiratory,2026-01-12,153,88,51,91,38,0.381,True
WAIT_SITE_PROV_NETWORK_respiratory_002,SITE_PROV_NETWORK,respiratory,2026-01-19,153,71,36,64,27,0.269,True
WAIT_SITE_PROV_NETWORK_respiratory_003,SITE_PROV_NETWORK,respiratory,2026-01-26,164,109,86,153,64,0.465,True
WAIT_SITE_PROV_NETWORK_respiratory_004,SITE_PROV_NETWORK,respiratory,2026-02-02,174,99,63,112,47,0.37,True
WAIT_SITE_PROV_NETWORK_respiratory_005,SITE_PROV_NETWORK,respiratory,2026-02-09,195,140,101,180,75,0.535,True
WAIT_SITE_PROV_NETWORK_respiratory_006,SITE_PROV_NETWORK,respiratory,2026-02-16,205,144,87,156,65,0.506,True
WAIT_SITE_PROV_NETWORK_respiratory_007,SITE_PROV_NETWORK,respiratory,2026-02-23,213,137,78,139,58,0.448,True
WAIT_SITE_PROV_NETWORK_respiratory_008,SITE_PROV_NETWORK,respiratory,2026-03-02,218,156,95,170,71,0.576,True
WAIT_SITE_PROV_NETWORK_respiratory_009,SITE_PROV_NETWORK,respiratory,2026-03-09,207,124,63,112,47,0.402,True
WAIT_SITE_PROV_NETWORK_respiratory_010,SITE_PROV_NETWORK,respiratory,2026-03-16,204,106,67,120,50,0.321,True
WAIT_SITE_PROV_NETWORK_respiratory_011,SITE_PROV_NETWORK,respiratory,2026-03-23,209,143,83,148,62,0.487,True
WAIT_SITE_PROV_NETWORK_respiratory_012,SITE_PROV_NETWORK,respiratory,2026-03-30,210,150,90,160,67,0.515,True
WAIT_SITE_PROV_NETWORK_respiratory_013,SITE_PROV_NETWORK,respiratory,2026-04-06,213,153,122,218,91,0.664,True
WAIT_SITE_PROV_NETWORK_respiratory_014,SITE_PROV_NETWORK,respiratory,2026-04-13,207,117,72,129,54,0.366,True
WAIT_SITE_PROV_NETWORK_respiratory_015,SITE_PROV_NETWORK,respiratory,2026-04-20,187,88,41,74,31,0.275,True
WAIT_SITE_PROV_NETWORK_respiratory_016,SITE_PROV_NETWORK,respiratory,2026-04-27,184,115,71,127,53,0.428,True
WAIT_SITE_PROV_NETWORK_cardiology_000,SITE_PROV_NETWORK,cardiology,2026-01-05,274,197,124,220,92,0.663,True
WAIT_SITE_PROV_NETWORK_cardiology_001,SITE_PROV_NETWORK,cardiology,2026-01-12,278,200,149,266,111,0.845,True
WAIT_SITE_PROV_NETWORK_cardiology_002,SITE_PROV_NETWORK,cardiology,2026-01-19,266,191,82,146,61,0.523,True
WAIT_SITE_PROV_NETWORK_cardiology_003,SITE_PROV_NETWORK,cardiology,2026-01-26,265,190,143,254,106,0.808,True
WAIT_SITE_PROV_NETWORK_cardiology_004,SITE_PROV_NETWORK,cardiology,2026-02-02,269,193,118,211,88,0.676,True
WAIT_SITE_PROV_NETWORK_cardiology_005,SITE_PROV_NETWORK,cardiology,2026-02-09,242,126,62,110,46,0.322,True
WAIT_SITE_PROV_NETWORK_cardiology_006,SITE_PROV_NETWORK,cardiology,2026-02-16,236,145,63,112,47,0.417,True
WAIT_SITE_PROV_NETWORK_cardiology_007,SITE_PROV_NETWORK,cardiology,2026-02-23,224,120,52,93,39,0.338,True
WAIT_SITE_PROV_NETWORK_cardiology_008,SITE_PROV_NETWORK,cardiology,2026-03-02,230,165,121,216,90,0.718,True
WAIT_SITE_PROV_NETWORK_cardiology_009,SITE_PROV_NETWORK,cardiology,2026-03-09,237,170,112,199,83,0.647,True
WAIT_SITE_PROV_NETWORK_cardiology_010,SITE_PROV_NETWORK,cardiology,2026-03-16,230,146,70,124,52,0.437,True
WAIT_SITE_PROV_NETWORK_cardiology_011,SITE_PROV_NETWORK,cardiology,2026-03-23,231,166,91,163,68,0.538,True
WAIT_SITE_PROV_NETWORK_cardiology_012,SITE_PROV_NETWORK,cardiology,2026-03-30,226,162,109,194,81,0.608,True
WAIT_SITE_PROV_NETWORK_cardiology_013,SITE_PROV_NETWORK,cardiology,2026-04-06,209,98,45,81,34,0.271,True
WAIT_SITE_PROV_NETWORK_cardiology_014,SITE_PROV_NETWORK,cardiology,2026-04-13,192,91,47,84,35,0.274,True
WAIT_SITE_PROV_NETWORK_cardiology_015,SITE_PROV_NETWORK,cardiology,2026-04-20,192,121,74,132,55,0.433,True
WAIT_SITE_PROV_NETWORK_cardiology_016,SITE_PROV_NETWORK,cardiology,2026-04-27,187,108,72,129,54,0.382,True
WAIT_SITE_PROV_NETWORK_neurology_000,SITE_PROV_NETWORK,neurology,2026-01-05,218,134,75,134,56,0.418,True
WAIT_SITE_PROV_NETWORK_neurology_001,SITE_PROV_NETWORK,neurology,2026-01-12,221,159,106,189,79,0.581,True
WAIT_SITE_PROV_NETWORK_neurology_002,SITE_PROV_NETWORK,neurology,2026-01-19,221,144,68,122,51,0.452,True
WAIT_SITE_PROV_NETWORK_neurology_003,SITE_PROV_NETWORK,neurology,2026-01-26,220,134,76,136,57,0.41,True
WAIT_SITE_PROV_NETWORK_neurology_004,SITE_PROV_NETWORK,neurology,2026-02-02,195,95,49,88,37,0.292,True
WAIT_SITE_PROV_NETWORK_neurology_005,SITE_PROV_NETWORK,neurology,2026-02-09,193,120,75,134,56,0.422,True
WAIT_SITE_PROV_NETWORK_neurology_006,SITE_PROV_NETWORK,neurology,2026-02-16,189,106,51,91,38,0.365,True
WAIT_SITE_PROV_NETWORK_neurology_007,SITE_PROV_NETWORK,neurology,2026-02-23,172,82,45,81,34,0.281,True
WAIT_SITE_PROV_NETWORK_neurology_008,SITE_PROV_NETWORK,neurology,2026-03-02,168,80,41,74,31,0.276,True
WAIT_SITE_PROV_NETWORK_neurology_009,SITE_PROV_NETWORK,neurology,2026-03-09,166,100,58,103,43,0.407,True
WAIT_SITE_PROV_NETWORK_neurology_010,SITE_PROV_NETWORK,neurology,2026-03-16,175,108,86,153,64,0.418,True
WAIT_SITE_PROV_NETWORK_neurology_011,SITE_PROV_NETWORK,neurology,2026-03-23,178,98,48,86,36,0.352,True
WAIT_SITE_PROV_NETWORK_neurology_012,SITE_PROV_NETWORK,neurology,2026-03-30,161,71,48,86,36,0.243,True
WAIT_SITE_PROV_NETWORK_neurology_013,SITE_PROV_NETWORK,neurology,2026-04-06,151,68,45,81,34,0.254,True
WAIT_SITE_PROV_NETWORK_neurology_014,SITE_PROV_NETWORK,neurology,2026-04-13,128,50,36,64,27,0.192,True
WAIT_SITE_PROV_NETWORK_neurology_015,SITE_PROV_NETWORK,neurology,2026-04-20,124,61,32,57,24,0.293,True
WAIT_SITE_PROV_NETWORK_neurology_016,SITE_PROV_NETWORK,neurology,2026-04-27,119,49,41,74,31,0.214,True
WAIT_SITE_PROV_NETWORK_surgery_followup_000,SITE_PROV_NETWORK,surgery_followup,2026-01-05,236,149,70,124,52,0.435,True
WAIT_SITE_PROV_NETWORK_surgery_followup_001,SITE_PROV_NETWORK,surgery_followup,2026-01-12,222,123,54,96,40,0.358,True
WAIT_SITE_PROV_NETWORK_surgery_followup_002,SITE_PROV_NETWORK,surgery_followup,2026-01-19,204,101,39,69,29,0.295,True
WAIT_SITE_PROV_NETWORK_surgery_followup_003,SITE_PROV_NETWORK,surgery_followup,2026-01-26,197,101,60,108,45,0.317,True
WAIT_SITE_PROV_NETWORK_surgery_followup_004,SITE_PROV_NETWORK,surgery_followup,2026-02-02,192,114,72,129,54,0.396,True
WAIT_SITE_PROV_NETWORK_surgery_followup_005,SITE_PROV_NETWORK,surgery_followup,2026-02-09,191,97,40,72,30,0.309,True
WAIT_SITE_PROV_NETWORK_surgery_followup_006,SITE_PROV_NETWORK,surgery_followup,2026-02-16,199,139,83,148,62,0.502,True
WAIT_SITE_PROV_NETWORK_surgery_followup_007,SITE_PROV_NETWORK,surgery_followup,2026-02-23,195,123,72,129,54,0.434,True
WAIT_SITE_PROV_NETWORK_surgery_followup_008,SITE_PROV_NETWORK,surgery_followup,2026-03-02,191,111,63,112,47,0.384,True
WAIT_SITE_PROV_NETWORK_surgery_followup_009,SITE_PROV_NETWORK,surgery_followup,2026-03-09,206,148,94,168,70,0.579,True
WAIT_SITE_PROV_NETWORK_surgery_followup_010,SITE_PROV_NETWORK,surgery_followup,2026-03-16,207,149,79,141,59,0.548,True
WAIT_SITE_PROV_NETWORK_surgery_followup_011,SITE_PROV_NETWORK,surgery_followup,2026-03-23,203,103,54,96,40,0.312,True
WAIT_SITE_PROV_NETWORK_surgery_followup_012,SITE_PROV_NETWORK,surgery_followup,2026-03-30,196,92,41,74,31,0.272,True
WAIT_SITE_PROV_NETWORK_surgery_followup_013,SITE_PROV_NETWORK,surgery_followup,2026-04-06,206,148,108,192,80,0.635,True
WAIT_SITE_PROV_NETWORK_surgery_followup_014,SITE_PROV_NETWORK,surgery_followup,2026-04-13,187,85,45,81,34,0.258,True
WAIT_SITE_PROV_NETWORK_surgery_followup_015,SITE_PROV_NETWORK,surgery_followup,2026-04-20,186,133,93,165,69,0.546,True
WAIT_SITE_PROV_NETWORK_surgery_followup_016,SITE_PROV_NETWORK,surgery_followup,2026-04-27,186,87,48,86,36,0.268,True
WAIT_SITE_PROV_NETWORK_oncology_survivorship_000,SITE_PROV_NETWORK,oncology_survivorship,2026-01-05,164,73,48,86,36,0.247,True
WAIT_SITE_PROV_NETWORK_oncology_survivorship_001,SITE_PROV_NETWORK,oncology_survivorship,2026-01-12,154,78,54,96,40,0.307,True
WAIT_SITE_PROV_NETWORK_oncology_survivorship_002,SITE_PROV_NETWORK,oncology_survivorship,2026-01-19,153,90,63,112,47,0.39,True
WAIT_SITE_PROV_NETWORK_oncology_survivorship_003,SITE_PROV_NETWORK,oncology_survivorship,2026-01-26,150,68,39,69,29,0.256,True
WAIT_SITE_PROV_NETWORK_oncology_survivorship_004,SITE_PROV_NETWORK,oncology_survivorship,2026-02-02,153,94,63,112,47,0.417,True
WAIT_SITE_PROV_NETWORK_oncology_survivorship_005,SITE_PROV_NETWORK,oncology_survivorship,2026-02-09,147,72,52,93,39,0.295,True
WAIT_SITE_PROV_NETWORK_oncology_survivorship_006,SITE_PROV_NETWORK,oncology_survivorship,2026-02-16,131,58,47,84,35,0.246,True
WAIT_SITE_PROV_NETWORK_oncology_survivorship_007,SITE_PROV_NETWORK,oncology_survivorship,2026-02-23,110,41,29,52,22,0.174,True
WAIT_SITE_PROV_NETWORK_oncology_survivorship_008,SITE_PROV_NETWORK,oncology_survivorship,2026-03-02,89,25,14,26,11,0.086,True
WAIT_SITE_PROV_NETWORK_oncology_survivorship_009,SITE_PROV_NETWORK,oncology_survivorship,2026-03-09,83,26,14,26,11,0.117,True
WAIT_SITE_PROV_NETWORK_oncology_survivorship_010,SITE_PROV_NETWORK,oncology_survivorship,2026-03-16,82,31,27,48,20,0.182,True
WAIT_SITE_PROV_NETWORK_oncology_survivorship_011,SITE_PROV_NETWORK,oncology_survivorship,2026-03-23,93,45,43,76,32,0.286,True
WAIT_SITE_PROV_NETWORK_oncology_survivorship_012,SITE_PROV_NETWORK,oncology_survivorship,2026-03-30,84,29,25,45,19,0.147,True
WAIT_SITE_PROV_NETWORK_oncology_survivorship_013,SITE_PROV_NETWORK,oncology_survivorship,2026-04-06,58,17,13,24,10,0.093,True
WAIT_SITE_PROV_NETWORK_oncology_survivorship_014,SITE_PROV_NETWORK,oncology_survivorship,2026-04-13,47,11,6,12,5,0.043,True
WAIT_SITE_PROV_NETWORK_oncology_survivorship_015,SITE_PROV_NETWORK,oncology_survivorship,2026-04-20,44,11,9,16,7,0.063,True
WAIT_SITE_PROV_NETWORK_oncology_survivorship_016,SITE_PROV_NETWORK,oncology_survivorship,2026-04-27,31,8,8,14,6,0.077,True
WAIT_SITE_PROV_NETWORK_complex_care_000,SITE_PROV_NETWORK,complex_care,2026-01-05,282,203,148,264,110,0.838,True
WAIT_SITE_PROV_NETWORK_complex_care_001,SITE_PROV_NETWORK,complex_care,2026-01-12,276,166,79,141,59,0.402,True
WAIT_SITE_PROV_NETWORK_complex_care_002,SITE_PROV_NETWORK,complex_care,2026-01-19,271,182,74,132,55,0.474,True
WAIT_SITE_PROV_NETWORK_complex_care_003,SITE_PROV_NETWORK,complex_care,2026-01-26,266,190,91,163,68,0.515,True
WAIT_SITE_PROV_NETWORK_complex_care_004,SITE_PROV_NETWORK,complex_care,2026-02-02,263,189,95,170,71,0.523,True
WAIT_SITE_PROV_NETWORK_complex_care_005,SITE_PROV_NETWORK,complex_care,2026-02-09,251,151,66,117,49,0.403,True
WAIT_SITE_PROV_NETWORK_complex_care_006,SITE_PROV_NETWORK,complex_care,2026-02-16,244,175,91,163,68,0.543,True
WAIT_SITE_PROV_NETWORK_complex_care_007,SITE_PROV_NETWORK,complex_care,2026-02-23,236,126,68,122,51,0.337,True
WAIT_SITE_PROV_NETWORK_complex_care_008,SITE_PROV_NETWORK,complex_care,2026-03-02,228,145,72,129,54,0.438,True
WAIT_SITE_PROV_NETWORK_complex_care_009,SITE_PROV_NETWORK,complex_care,2026-03-09,224,161,87,156,65,0.527,True
WAIT_SITE_PROV_NETWORK_complex_care_010,SITE_PROV_NETWORK,complex_care,2026-03-16,226,162,95,170,71,0.549,True
WAIT_SITE_PROV_NETWORK_complex_care_011,SITE_PROV_NETWORK,complex_care,2026-03-23,218,123,70,124,52,0.368,True
WAIT_SITE_PROV_NETWORK_complex_care_012,SITE_PROV_NETWORK,complex_care,2026-03-30,212,136,68,122,51,0.446,True
WAIT_SITE_PROV_NETWORK_complex_care_013,SITE_PROV_NETWORK,complex_care,2026-04-06,211,151,93,165,69,0.609,True
WAIT_SITE_PROV_NETWORK_complex_care_014,SITE_PROV_NETWORK,complex_care,2026-04-13,211,144,74,132,55,0.486,True
WAIT_SITE_PROV_NETWORK_complex_care_015,SITE_PROV_NETWORK,complex_care,2026-04-20,202,113,68,122,51,0.363,True
WAIT_SITE_PROV_NETWORK_complex_care_016,SITE_PROV_NETWORK,complex_care,2026-04-27,206,147,85,151,63,0.518,True
WAIT_SITE_PROV_NETWORK_mental_health_000,SITE_PROV_NETWORK,mental_health,2026-01-05,226,133,56,100,42,0.391,True
WAIT_SITE_PROV_NETWORK_mental_health_001,SITE_PROV_NETWORK,mental_health,2026-01-12,217,121,56,100,42,0.359,True
WAIT_SITE_PROV_NETWORK_mental_health_002,SITE_PROV_NETWORK,mental_health,2026-01-19,207,110,49,88,37,0.336,True
WAIT_SITE_PROV_NETWORK_mental_health_003,SITE_PROV_NETWORK,mental_health,2026-01-26,186,83,29,52,22,0.25,True
WAIT_SITE_PROV_NETWORK_mental_health_004,SITE_PROV_NETWORK,mental_health,2026-02-02,176,83,52,93,39,0.275,True
WAIT_SITE_PROV_NETWORK_mental_health_005,SITE_PROV_NETWORK,mental_health,2026-02-09,169,99,78,139,58,0.386,True
WAIT_SITE_PROV_NETWORK_mental_health_006,SITE_PROV_NETWORK,mental_health,2026-02-16,158,75,39,69,29,0.28,True
WAIT_SITE_PROV_NETWORK_mental_health_007,SITE_PROV_NETWORK,mental_health,2026-02-23,149,65,32,57,24,0.241,True
WAIT_SITE_PROV_NETWORK_mental_health_008,SITE_PROV_NETWORK,mental_health,2026-03-02,138,70,44,79,33,0.314,True
WAIT_SITE_PROV_NETWORK_mental_health_009,SITE_PROV_NETWORK,mental_health,2026-03-09,119,46,40,72,30,0.194,True
WAIT_SITE_PROV_NETWORK_mental_health_010,SITE_PROV_NETWORK,mental_health,2026-03-16,123,65,59,105,44,0.333,True
WAIT_SITE_PROV_NETWORK_mental_health_011,SITE_PROV_NETWORK,mental_health,2026-03-23,130,59,35,62,26,0.254,True
WAIT_SITE_PROV_NETWORK_mental_health_012,SITE_PROV_NETWORK,mental_health,2026-03-30,130,70,54,96,40,0.345,True
WAIT_SITE_PROV_NETWORK_mental_health_013,SITE_PROV_NETWORK,mental_health,2026-04-06,121,59,41,74,31,0.288,True
WAIT_SITE_PROV_NETWORK_mental_health_014,SITE_PROV_NETWORK,mental_health,2026-04-13,118,44,22,40,17,0.178,True
WAIT_SITE_PROV_NETWORK_mental_health_015,SITE_PROV_NETWORK,mental_health,2026-04-20,110,47,44,79,33,0.233,True
WAIT_SITE_PROV_NETWORK_mental_health_016,SITE_PROV_NETWORK,mental_health,2026-04-27,103,37,32,57,24,0.162,True
WAIT_SITE_PROV_NETWORK_diagnostic_procedures_000,SITE_PROV_NETWORK,diagnostic_procedures,2026-01-05,69,19,8,14,6,0.079,True
WAIT_SITE_PROV_NETWORK_diagnostic_procedures_001,SITE_PROV_NETWORK,diagnostic_procedures,2026-01-12,48,13,5,10,4,0.071,True
WAIT_SITE_PROV_NETWORK_diagnostic_procedures_002,SITE_PROV_NETWORK,diagnostic_procedures,2026-01-19,50,17,28,50,21,0.142,True
WAIT_SITE_PROV_NETWORK_diagnostic_procedures_003,SITE_PROV_NETWORK,diagnostic_procedures,2026-01-26,36,8,16,28,12,0.033,True
WAIT_SITE_PROV_NETWORK_diagnostic_procedures_004,SITE_PROV_NETWORK,diagnostic_procedures,2026-02-02,36,9,14,26,11,0.065,True
WAIT_SITE_PROV_NETWORK_diagnostic_procedures_005,SITE_PROV_NETWORK,diagnostic_procedures,2026-02-09,40,12,17,31,13,0.122,True
WAIT_SITE_PROV_NETWORK_diagnostic_procedures_006,SITE_PROV_NETWORK,diagnostic_procedures,2026-02-16,39,12,14,26,11,0.118,True
WAIT_SITE_PROV_NETWORK_diagnostic_procedures_007,SITE_PROV_NETWORK,diagnostic_procedures,2026-02-23,29,7,5,10,3,0.051,True
WAIT_SITE_PROV_NETWORK_diagnostic_procedures_008,SITE_PROV_NETWORK,diagnostic_procedures,2026-03-02,15,3,5,10,3,0.035,True
WAIT_SITE_PROV_NETWORK_diagnostic_procedures_009,SITE_PROV_NETWORK,diagnostic_procedures,2026-03-09,0,0,5,10,3,0.015,True
WAIT_SITE_PROV_NETWORK_diagnostic_procedures_010,SITE_PROV_NETWORK,diagnostic_procedures,2026-03-16,3,0,8,14,6,0.0,True
WAIT_SITE_PROV_NETWORK_diagnostic_procedures_011,SITE_PROV_NETWORK,diagnostic_procedures,2026-03-23,5,1,5,10,3,0.006,True
WAIT_SITE_PROV_NETWORK_diagnostic_procedures_012,SITE_PROV_NETWORK,diagnostic_procedures,2026-03-30,2,0,5,10,3,0.001,True
WAIT_SITE_PROV_NETWORK_diagnostic_procedures_013,SITE_PROV_NETWORK,diagnostic_procedures,2026-04-06,0,0,10,19,8,0.0,True
WAIT_SITE_PROV_NETWORK_diagnostic_procedures_014,SITE_PROV_NETWORK,diagnostic_procedures,2026-04-13,0,0,5,10,3,0.0,True
WAIT_SITE_PROV_NETWORK_diagnostic_procedures_015,SITE_PROV_NETWORK,diagnostic_procedures,2026-04-20,2,0,5,10,3,0.0,True
WAIT_SITE_PROV_NETWORK_diagnostic_procedures_016,SITE_PROV_NETWORK,diagnostic_procedures,2026-04-27,0,0,6,12,5,0.0,True
