asset_id,name,domain,output_type,intended_use,not_intended_use,source_data,features,model_class,training_config_window,validation_window,cadence,calibration_status,drift_status,subgroup_performance,thresholds,alert_burden,false_positive_false_negative_review,governance_status,deployment_status,owner,sponsor,last_reviewed,next_review,panels,warnings,caveats,fallback,rollback_plan,related_outputs,evidence_trail,synthetic_evidence
INPT_OCCUPANCY_FORECAST,Inpatient occupancy forecast,Operational,probability and interval,"Synthetic operational planning, governance rehearsal, and model-card demonstration.","No clinical diagnosis, treatment, triage, staffing directive, or automated Connect Care action.",Curated synthetic Snowflake views; no raw EHR tables and no direct identifiers.,"occupancy, bed status, ADT timing, discharge barriers, staffing, public context, ambulatory demand, governed synthetic safety signals",gradient boosted trees,2024-07-01 to 2026-03-31 synthetic,2026-04-01 to 2026-06-10 synthetic backtest,hourly,review required,watch,"reviewed across site, age-band, program, priority, and season proxies",warning threshold set by governance registry; huddle acknowledgement required for high severity,3 expected aggregate warnings/week in synthetic replay,synthetic adjudication notes available in governance evidence trail,review queued,Active; governed threshold,Synthetic analytics product owner,Provincial pediatric operations sponsor,2026-06-11,2026-07-11,"system posture, domain dashboard, Gatekeeper control plane",All outputs marked synthetic-only and not validated for clinical decision-making.,"Requires local validation, subgroup calibration, alert-burden review, and rollback plan.",Hide warning layer and revert to direct/derived operational metrics.,Disable asset flag in CONFIG.MODEL_DEPLOYMENT_REGISTRY and remove panel warning widgets.,"panel lineage, source readiness, scenario lab, learning-system event log",GOV-EVID-001,"Backtest replay, calibration card, drift check, and reviewer note set 01."
ED_BOARDING_FORECAST,ED boarding forecast,Operational,hourly boarder-hour forecast,"Synthetic operational planning, governance rehearsal, and model-card demonstration.","No clinical diagnosis, treatment, triage, staffing directive, or automated Connect Care action.",Curated synthetic Snowflake views; no raw EHR tables and no direct identifiers.,"occupancy, bed status, ADT timing, discharge barriers, staffing, public context, ambulatory demand, governed synthetic safety signals",Bayesian hierarchical forecast,2024-07-01 to 2026-03-31 synthetic,2026-04-01 to 2026-06-10 synthetic backtest,daily,synthetic-calibrated,stable,"reviewed across site, age-band, program, priority, and season proxies",warning threshold set by governance registry; huddle acknowledgement required for high severity,4 expected aggregate warnings/week in synthetic replay,synthetic adjudication notes available in governance evidence trail,approved for demo,Active; monitored,Synthetic analytics product owner,Provincial pediatric operations sponsor,2026-06-11,2026-07-11,"system posture, domain dashboard, Gatekeeper control plane",All outputs marked synthetic-only and not validated for clinical decision-making.,"Requires local validation, subgroup calibration, alert-burden review, and rollback plan.",Hide warning layer and revert to direct/derived operational metrics.,Disable asset flag in CONFIG.MODEL_DEPLOYMENT_REGISTRY and remove panel warning widgets.,"panel lineage, source readiness, scenario lab, learning-system event log",GOV-EVID-002,"Backtest replay, calibration card, drift check, and reviewer note set 02."
DISCHARGE_BY_TIME_BAND,Discharge by time-band,Operational,same-day probability,"Synthetic operational planning, governance rehearsal, and model-card demonstration.","No clinical diagnosis, treatment, triage, staffing directive, or automated Connect Care action.",Curated synthetic Snowflake views; no raw EHR tables and no direct identifiers.,"occupancy, bed status, ADT timing, discharge barriers, staffing, public context, ambulatory demand, governed synthetic safety signals",queueing simulation,2024-07-01 to 2026-03-31 synthetic,2026-04-01 to 2026-06-10 synthetic backtest,weekly,synthetic-calibrated,stable,"reviewed across site, age-band, program, priority, and season proxies",warning threshold set by governance registry; huddle acknowledgement required for high severity,5 expected aggregate warnings/week in synthetic replay,synthetic adjudication notes available in governance evidence trail,approved for demo,Validation hold,Synthetic analytics product owner,Provincial pediatric operations sponsor,2026-06-11,2026-07-11,"system posture, domain dashboard, Gatekeeper control plane",All outputs marked synthetic-only and not validated for clinical decision-making.,"Requires local validation, subgroup calibration, alert-burden review, and rollback plan.",Hide warning layer and revert to direct/derived operational metrics.,Disable asset flag in CONFIG.MODEL_DEPLOYMENT_REGISTRY and remove panel warning widgets.,"panel lineage, source readiness, scenario lab, learning-system event log",GOV-EVID-003,"Backtest replay, calibration card, drift check, and reviewer note set 03."
PICU_NICU_PRESSURE,PICU/NICU pressure,Operational,critical care pressure score,"Synthetic operational planning, governance rehearsal, and model-card demonstration.","No clinical diagnosis, treatment, triage, staffing directive, or automated Connect Care action.",Curated synthetic Snowflake views; no raw EHR tables and no direct identifiers.,"occupancy, bed status, ADT timing, discharge barriers, staffing, public context, ambulatory demand, governed synthetic safety signals",rules plus calibrated score,2024-07-01 to 2026-03-31 synthetic,2026-04-01 to 2026-06-10 synthetic backtest,hourly,synthetic-calibrated,stable,"reviewed across site, age-band, program, priority, and season proxies",warning threshold set by governance registry; huddle acknowledgement required for high severity,6 expected aggregate warnings/week in synthetic replay,synthetic adjudication notes available in governance evidence trail,review queued,Active; executive warning,Synthetic analytics product owner,Provincial pediatric operations sponsor,2026-06-11,2026-07-11,"system posture, domain dashboard, Gatekeeper control plane",All outputs marked synthetic-only and not validated for clinical decision-making.,"Requires local validation, subgroup calibration, alert-burden review, and rollback plan.",Hide warning layer and revert to direct/derived operational metrics.,Disable asset flag in CONFIG.MODEL_DEPLOYMENT_REGISTRY and remove panel warning widgets.,"panel lineage, source readiness, scenario lab, learning-system event log",GOV-EVID-004,"Backtest replay, calibration card, drift check, and reviewer note set 04."
OR_CANCELLATION_RISK,OR cancellation risk,Operational,case-day risk score,"Synthetic operational planning, governance rehearsal, and model-card demonstration.","No clinical diagnosis, treatment, triage, staffing directive, or automated Connect Care action.",Curated synthetic Snowflake views; no raw EHR tables and no direct identifiers.,"occupancy, bed status, ADT timing, discharge barriers, staffing, public context, ambulatory demand, governed synthetic safety signals",gradient boosted trees,2024-07-01 to 2026-03-31 synthetic,2026-04-01 to 2026-06-10 synthetic backtest,daily,synthetic-calibrated,watch,"reviewed across site, age-band, program, priority, and season proxies",warning threshold set by governance registry; huddle acknowledgement required for high severity,7 expected aggregate warnings/week in synthetic replay,synthetic adjudication notes available in governance evidence trail,approved for demo,Review before alerting,Synthetic analytics product owner,Provincial pediatric operations sponsor,2026-06-11,2026-07-11,"system posture, domain dashboard, Gatekeeper control plane",All outputs marked synthetic-only and not validated for clinical decision-making.,"Requires local validation, subgroup calibration, alert-burden review, and rollback plan.",Hide warning layer and revert to direct/derived operational metrics.,Disable asset flag in CONFIG.MODEL_DEPLOYMENT_REGISTRY and remove panel warning widgets.,"panel lineage, source readiness, scenario lab, learning-system event log",GOV-EVID-005,"Backtest replay, calibration card, drift check, and reviewer note set 05."
AMB_REFERRAL_DEMAND_FORECAST,Ambulatory referral demand forecast,Operational,weekly demand forecast,"Synthetic operational planning, governance rehearsal, and model-card demonstration.","No clinical diagnosis, treatment, triage, staffing directive, or automated Connect Care action.",Curated synthetic Snowflake views; no raw EHR tables and no direct identifiers.,"occupancy, bed status, ADT timing, discharge barriers, staffing, public context, ambulatory demand, governed synthetic safety signals",Bayesian hierarchical forecast,2024-07-01 to 2026-03-31 synthetic,2026-04-01 to 2026-06-10 synthetic backtest,weekly,review required,stable,"reviewed across site, age-band, program, priority, and season proxies",warning threshold set by governance registry; huddle acknowledgement required for high severity,8 expected aggregate warnings/week in synthetic replay,synthetic adjudication notes available in governance evidence trail,approved for demo,Active; planning only,Synthetic analytics product owner,Provincial pediatric operations sponsor,2026-06-11,2026-07-11,"system posture, domain dashboard, Gatekeeper control plane",All outputs marked synthetic-only and not validated for clinical decision-making.,"Requires local validation, subgroup calibration, alert-burden review, and rollback plan.",Hide warning layer and revert to direct/derived operational metrics.,Disable asset flag in CONFIG.MODEL_DEPLOYMENT_REGISTRY and remove panel warning widgets.,"panel lineage, source readiness, scenario lab, learning-system event log",GOV-EVID-006,"Backtest replay, calibration card, drift check, and reviewer note set 06."
AMB_BACKLOG_FORECAST,Ambulatory backlog forecast,Operational,waitlist projection,"Synthetic operational planning, governance rehearsal, and model-card demonstration.","No clinical diagnosis, treatment, triage, staffing directive, or automated Connect Care action.",Curated synthetic Snowflake views; no raw EHR tables and no direct identifiers.,"occupancy, bed status, ADT timing, discharge barriers, staffing, public context, ambulatory demand, governed synthetic safety signals",queueing simulation,2024-07-01 to 2026-03-31 synthetic,2026-04-01 to 2026-06-10 synthetic backtest,hourly,synthetic-calibrated,stable,"reviewed across site, age-band, program, priority, and season proxies",warning threshold set by governance registry; huddle acknowledgement required for high severity,3 expected aggregate warnings/week in synthetic replay,synthetic adjudication notes available in governance evidence trail,review queued,Active; planning only,Synthetic analytics product owner,Provincial pediatric operations sponsor,2026-06-11,2026-07-11,"system posture, domain dashboard, Gatekeeper control plane",All outputs marked synthetic-only and not validated for clinical decision-making.,"Requires local validation, subgroup calibration, alert-burden review, and rollback plan.",Hide warning layer and revert to direct/derived operational metrics.,Disable asset flag in CONFIG.MODEL_DEPLOYMENT_REGISTRY and remove panel warning widgets.,"panel lineage, source readiness, scenario lab, learning-system event log",GOV-EVID-007,"Backtest replay, calibration card, drift check, and reviewer note set 07."
NO_SHOW_LATE_CANCEL_RISK,No-show and late-cancel risk,Operational,appointment risk score,"Synthetic operational planning, governance rehearsal, and model-card demonstration.","No clinical diagnosis, treatment, triage, staffing directive, or automated Connect Care action.",Curated synthetic Snowflake views; no raw EHR tables and no direct identifiers.,"occupancy, bed status, ADT timing, discharge barriers, staffing, public context, ambulatory demand, governed synthetic safety signals",rules plus calibrated score,2024-07-01 to 2026-03-31 synthetic,2026-04-01 to 2026-06-10 synthetic backtest,daily,synthetic-calibrated,stable,"reviewed across site, age-band, program, priority, and season proxies",warning threshold set by governance registry; huddle acknowledgement required for high severity,4 expected aggregate warnings/week in synthetic replay,synthetic adjudication notes available in governance evidence trail,approved for demo,Guardrailed; no individual action,Synthetic analytics product owner,Provincial pediatric operations sponsor,2026-06-11,2026-07-11,"system posture, domain dashboard, Gatekeeper control plane",All outputs marked synthetic-only and not validated for clinical decision-making.,"Requires local validation, subgroup calibration, alert-burden review, and rollback plan.",Hide warning layer and revert to direct/derived operational metrics.,Disable asset flag in CONFIG.MODEL_DEPLOYMENT_REGISTRY and remove panel warning widgets.,"panel lineage, source readiness, scenario lab, learning-system event log",GOV-EVID-008,"Backtest replay, calibration card, drift check, and reviewer note set 08."
URGENT_WAITLIST_BREACH_RISK,Urgent waitlist breach risk,Operational,program-week probability,"Synthetic operational planning, governance rehearsal, and model-card demonstration.","No clinical diagnosis, treatment, triage, staffing directive, or automated Connect Care action.",Curated synthetic Snowflake views; no raw EHR tables and no direct identifiers.,"occupancy, bed status, ADT timing, discharge barriers, staffing, public context, ambulatory demand, governed synthetic safety signals",gradient boosted trees,2024-07-01 to 2026-03-31 synthetic,2026-04-01 to 2026-06-10 synthetic backtest,weekly,synthetic-calibrated,watch,"reviewed across site, age-band, program, priority, and season proxies",warning threshold set by governance registry; huddle acknowledgement required for high severity,5 expected aggregate warnings/week in synthetic replay,synthetic adjudication notes available in governance evidence trail,approved for demo,Active; huddle review,Synthetic analytics product owner,Provincial pediatric operations sponsor,2026-06-11,2026-07-11,"system posture, domain dashboard, Gatekeeper control plane",All outputs marked synthetic-only and not validated for clinical decision-making.,"Requires local validation, subgroup calibration, alert-burden review, and rollback plan.",Hide warning layer and revert to direct/derived operational metrics.,Disable asset flag in CONFIG.MODEL_DEPLOYMENT_REGISTRY and remove panel warning widgets.,"panel lineage, source readiness, scenario lab, learning-system event log",GOV-EVID-009,"Backtest replay, calibration card, drift check, and reviewer note set 09."
DIAGNOSTIC_READINESS_RISK,Diagnostic readiness risk,Operational,dependency gap score,"Synthetic operational planning, governance rehearsal, and model-card demonstration.","No clinical diagnosis, treatment, triage, staffing directive, or automated Connect Care action.",Curated synthetic Snowflake views; no raw EHR tables and no direct identifiers.,"occupancy, bed status, ADT timing, discharge barriers, staffing, public context, ambulatory demand, governed synthetic safety signals",Bayesian hierarchical forecast,2024-07-01 to 2026-03-31 synthetic,2026-04-01 to 2026-06-10 synthetic backtest,hourly,synthetic-calibrated,stable,"reviewed across site, age-band, program, priority, and season proxies",warning threshold set by governance registry; huddle acknowledgement required for high severity,6 expected aggregate warnings/week in synthetic replay,synthetic adjudication notes available in governance evidence trail,review queued,Validation hold,Synthetic analytics product owner,Provincial pediatric operations sponsor,2026-06-11,2026-07-11,"system posture, domain dashboard, Gatekeeper control plane",All outputs marked synthetic-only and not validated for clinical decision-making.,"Requires local validation, subgroup calibration, alert-burden review, and rollback plan.",Hide warning layer and revert to direct/derived operational metrics.,Disable asset flag in CONFIG.MODEL_DEPLOYMENT_REGISTRY and remove panel warning widgets.,"panel lineage, source readiness, scenario lab, learning-system event log",GOV-EVID-010,"Backtest replay, calibration card, drift check, and reviewer note set 10."
PEDIATRIC_EARLY_WARNING_SIGNAL,Pediatric early warning signal,Clinical surveillance synthetic-only,unit-day warning,"Synthetic operational planning, governance rehearsal, and model-card demonstration.","No clinical diagnosis, treatment, triage, staffing directive, or automated Connect Care action.",Curated synthetic Snowflake views; no raw EHR tables and no direct identifiers.,"occupancy, bed status, ADT timing, discharge barriers, staffing, public context, ambulatory demand, governed synthetic safety signals",queueing simulation,2024-07-01 to 2026-03-31 synthetic,2026-04-01 to 2026-06-10 synthetic backtest,daily,review required,stable,"reviewed across site, age-band, program, priority, and season proxies",warning threshold set by governance registry; huddle acknowledgement required for high severity,7 expected aggregate warnings/week in synthetic replay,synthetic adjudication notes available in governance evidence trail,approved for demo,Synthetic only; not clinical,Synthetic analytics product owner,Provincial pediatric operations sponsor,2026-06-11,2026-07-11,"system posture, domain dashboard, Gatekeeper control plane",All outputs marked synthetic-only and not validated for clinical decision-making.,"Requires local validation, subgroup calibration, alert-burden review, and rollback plan.",Hide warning layer and revert to direct/derived operational metrics.,Disable asset flag in CONFIG.MODEL_DEPLOYMENT_REGISTRY and remove panel warning widgets.,"panel lineage, source readiness, scenario lab, learning-system event log",GOV-EVID-011,"Backtest replay, calibration card, drift check, and reviewer note set 11."
SEPSIS_SURVEILLANCE_SIGNAL,Sepsis surveillance signal,Clinical surveillance synthetic-only,surveillance flag,"Synthetic operational planning, governance rehearsal, and model-card demonstration.","No clinical diagnosis, treatment, triage, staffing directive, or automated Connect Care action.",Curated synthetic Snowflake views; no raw EHR tables and no direct identifiers.,"occupancy, bed status, ADT timing, discharge barriers, staffing, public context, ambulatory demand, governed synthetic safety signals",rules plus calibrated score,2024-07-01 to 2026-03-31 synthetic,2026-04-01 to 2026-06-10 synthetic backtest,weekly,synthetic-calibrated,stable,"reviewed across site, age-band, program, priority, and season proxies",warning threshold set by governance registry; huddle acknowledgement required for high severity,8 expected aggregate warnings/week in synthetic replay,synthetic adjudication notes available in governance evidence trail,approved for demo,Synthetic only; warning label,Synthetic analytics product owner,Provincial pediatric operations sponsor,2026-06-11,2026-07-11,"system posture, domain dashboard, Gatekeeper control plane",All outputs marked synthetic-only and not validated for clinical decision-making.,"Requires local validation, subgroup calibration, alert-burden review, and rollback plan.",Hide warning layer and revert to direct/derived operational metrics.,Disable asset flag in CONFIG.MODEL_DEPLOYMENT_REGISTRY and remove panel warning widgets.,"panel lineage, source readiness, scenario lab, learning-system event log",GOV-EVID-012,"Backtest replay, calibration card, drift check, and reviewer note set 12."
RARE_DISEASE_CASE_FINDING_SIGNAL,Rare disease case-finding signal,Clinical surveillance synthetic-only,evidence-trail candidate,"Synthetic operational planning, governance rehearsal, and model-card demonstration.","No clinical diagnosis, treatment, triage, staffing directive, or automated Connect Care action.",Curated synthetic Snowflake views; no raw EHR tables and no direct identifiers.,"occupancy, bed status, ADT timing, discharge barriers, staffing, public context, ambulatory demand, governed synthetic safety signals",gradient boosted trees,2024-07-01 to 2026-03-31 synthetic,2026-04-01 to 2026-06-10 synthetic backtest,hourly,synthetic-calibrated,watch,"reviewed across site, age-band, program, priority, and season proxies",warning threshold set by governance registry; huddle acknowledgement required for high severity,3 expected aggregate warnings/week in synthetic replay,synthetic adjudication notes available in governance evidence trail,review queued,Synthetic only; small-cell protected,Synthetic analytics product owner,Provincial pediatric operations sponsor,2026-06-11,2026-07-11,"system posture, domain dashboard, Gatekeeper control plane",All outputs marked synthetic-only and not validated for clinical decision-making.,"Requires local validation, subgroup calibration, alert-burden review, and rollback plan.",Hide warning layer and revert to direct/derived operational metrics.,Disable asset flag in CONFIG.MODEL_DEPLOYMENT_REGISTRY and remove panel warning widgets.,"panel lineage, source readiness, scenario lab, learning-system event log",GOV-EVID-013,"Backtest replay, calibration card, drift check, and reviewer note set 13."
READMISSION_REVISIT_RISK,Readmission/revisit risk,Clinical surveillance synthetic-only,aggregate risk band,"Synthetic operational planning, governance rehearsal, and model-card demonstration.","No clinical diagnosis, treatment, triage, staffing directive, or automated Connect Care action.",Curated synthetic Snowflake views; no raw EHR tables and no direct identifiers.,"occupancy, bed status, ADT timing, discharge barriers, staffing, public context, ambulatory demand, governed synthetic safety signals",Bayesian hierarchical forecast,2024-07-01 to 2026-03-31 synthetic,2026-04-01 to 2026-06-10 synthetic backtest,daily,synthetic-calibrated,stable,"reviewed across site, age-band, program, priority, and season proxies",warning threshold set by governance registry; huddle acknowledgement required for high severity,4 expected aggregate warnings/week in synthetic replay,synthetic adjudication notes available in governance evidence trail,approved for demo,Synthetic only; program review,Synthetic analytics product owner,Provincial pediatric operations sponsor,2026-06-11,2026-07-11,"system posture, domain dashboard, Gatekeeper control plane",All outputs marked synthetic-only and not validated for clinical decision-making.,"Requires local validation, subgroup calibration, alert-burden review, and rollback plan.",Hide warning layer and revert to direct/derived operational metrics.,Disable asset flag in CONFIG.MODEL_DEPLOYMENT_REGISTRY and remove panel warning widgets.,"panel lineage, source readiness, scenario lab, learning-system event log",GOV-EVID-014,"Backtest replay, calibration card, drift check, and reviewer note set 14."
LONG_STAY_RISK,Long-stay risk,Clinical surveillance synthetic-only,encounter cohort risk,"Synthetic operational planning, governance rehearsal, and model-card demonstration.","No clinical diagnosis, treatment, triage, staffing directive, or automated Connect Care action.",Curated synthetic Snowflake views; no raw EHR tables and no direct identifiers.,"occupancy, bed status, ADT timing, discharge barriers, staffing, public context, ambulatory demand, governed synthetic safety signals",queueing simulation,2024-07-01 to 2026-03-31 synthetic,2026-04-01 to 2026-06-10 synthetic backtest,weekly,synthetic-calibrated,stable,"reviewed across site, age-band, program, priority, and season proxies",warning threshold set by governance registry; huddle acknowledgement required for high severity,5 expected aggregate warnings/week in synthetic replay,synthetic adjudication notes available in governance evidence trail,approved for demo,Synthetic only; no direct care use,Synthetic analytics product owner,Provincial pediatric operations sponsor,2026-06-11,2026-07-11,"system posture, domain dashboard, Gatekeeper control plane",All outputs marked synthetic-only and not validated for clinical decision-making.,"Requires local validation, subgroup calibration, alert-burden review, and rollback plan.",Hide warning layer and revert to direct/derived operational metrics.,Disable asset flag in CONFIG.MODEL_DEPLOYMENT_REGISTRY and remove panel warning widgets.,"panel lineage, source readiness, scenario lab, learning-system event log",GOV-EVID-015,"Backtest replay, calibration card, drift check, and reviewer note set 15."
